{ 
    
"M_inf1": [0.25, 0.25, 0.25, 0.25, 0.25, 0.25, 0.25, 0.25, 0.25, 0.25, 0.25, 0.25, 0.25, 0.25, 0.25, 0.25, 0.25, 0.25, 0.25, 0.25, 0.25, 0.25, 0.25, 0.25, 0.25, 0.25, 0.25, 0.25, 0.25],
    
"Re_inf1":[3074007.467,
3074007.468,
3744674.201,
4565408.12,
5672074.102,
6850292.312,
8922020.051,
11953975.66,
15865843.97,
19898659.86,
24489942.03,
29577057.45,
35720881.92,
40003915.16,
44800496,
52102263.21,
64123986.97,
82732519.02,
115111539.3,
160162734.6,
220752549.9,
337545207.7,
492341406.8,
673895177.6,
673895177.8,
837249023.5,
837249023.8,
992259227.2,
992259227.3],
    
"R_wb1":[1.062258065,
1.062258065,
1.064664252,
1.067567506,
1.068535257,
1.071438511,
1.073374013,
1.073374013,
1.069503008,
1.063696501,
1.054986741,
1.041438224,
1.02111545,
0.997889422,
0.968856887,
0.948534112,
0.93788885,
0.929179089,
0.926275836,
0.922404831,
0.922404831,
0.922404831,
0.92143708,
0.92207059,
0.92207059,
0.92110284,
0.92110284,
0.920135089,
0.920135089],

"M_inf2": [0.4, 0.4, 0.4, 0.4, 0.4, 0.4, 0.4, 0.4, 0.4, 0.4, 0.4, 0.4, 0.4, 0.4, 0.4, 0.4, 0.4, 0.4, 0.4, 0.4, 0.4, 0.4, 0.4, 0.4, 0.4, 0.4, 0.4, 0.4, 0.4],
    
"Re_inf2":
    [2930705.332,
4155387.303,
5515213.587,
7183174.911,
9900581.721,
12184975.3,
14996454.47,
17772932.43,
21873739.21,
25680008.64,
29031792.92,
32821055.94,
32821055.95,
35730393.38,
35730393.39,
39638733.31,
45666232.3,
51141741.48,
60040962.84,
72512831.93,
90944309.21,
110876908.4,
136459899.8,
174406405.7,
212631699.9,
279563505.6,
344068106.9,
439745902.8,
589184062],
    
 "R_wb2":[1.021026613,
1.024897614,
1.026833115,
1.029736366,
1.038446119,
1.04134937,
1.047155872,
1.053930124,
1.057801126,
1.052962374,
1.045220371,
1.038446119,
1.038446120,
1.027800865,
1.027800866,
1.015220111,
1.003607107,
0.994897354,
0.988123102,
0.98328435,
0.979413349,
0.976510098,
0.974574597,
0.971671346,
0.971671347,
0.973606847,
0.971671346,
0.971671347,
0.971671348]
}